"","Pern","Aul","Myt","TideHeight"
"1",0.277350098112615,0.277350098112615,0,250
"2",0.277350098112615,0.277350098112615,0,240
"3",0.277350098112615,0.277350098112615,0,230
"4",0.277350098112615,0.277350098112615,0,220
"5",0,0,0,210
"6",0,0,0,200
"7",0,0,0,190
"8",0,0,0,180
"9",0,0,0,170
"10",0,0,0,160
"11",0,0,0,150
"12",0,0,0,140
"13",0,0,0,130
"14",0,0,0,120
"15",0,0,0,110
"16",0,0,0,100
"17",0,0,0,90
"18",0,0,0,80
"19",0,0,0,70
"20",0,0,0,60
"21",0,0,0,50
